{"cameraMode":{"drawMode":0,"name":"Shaded","section":"Shading Mode"},"sceneLighting":true,"audioPlay":false,"sceneViewState":{"m_AlwaysRefresh":false,"showFog":true,"showSkybox":true,"showFlares":true,"showImageEffects":true,"showParticleSystems":true,"showVisualEffectGraphs":true,"m_FxEnabled":true},"in2DMode":false,"pivot":{"x":14.971514701843262,"y":5.021836757659912,"z":6.194662570953369},"rotation":{"x":-0.018470490351319314,"y":0.938382089138031,"z":-0.050715669989585879,"w":-0.3414042294025421},"size":1.2602778673171998,"orthographic":false}